name,zero_cross_sum,zero_cross_rate_mean,chromagram_mean,mfcc_mean_global,mfcc1_mean,mfcc2_mean,mfcc3_mean,mfcc4_mean,mfcc5_mean,mfcc6_mean,mfcc7_mean,mfcc8_mean,mfcc9_mean,mfcc10_mean,mfcc11_mean,mfcc12_mean,mfcc13_mean,mfcc14_mean,mfcc15_mean,mfcc16_mean,mfcc17_mean,mfcc18_mean,mfcc19_mean,mfcc20_mean
No_Angel_-_NaTtA10,15375,0.08679942255434783,0.4380403,1.0548527,-172.15106,92.21677,24.387001,28.077982,13.804033,13.426352,0.9731162,11.424323,-3.642933,11.147085,-6.4510245,10.243518,-4.527783,10.226434,-4.1686172,5.5381722,-6.5966835,3.3364165,-6.391707,0.22566518
Keep_On_-_Quentin_Hannappe20,9230,0.052076256793478264,0.42513007,-1.5259274,-233.31242,116.25034,13.505904,28.835512,12.181226,15.081693,1.6566712,11.318675,2.0266006,3.2634299,-2.6156228,5.156735,-7.6156607,2.9048097,-2.9358475,4.584098,-6.1229887,3.3280537,-3.0291145,5.019359
James_Alley_Blues_-_Tony_Petersen30,12102,0.06802960824275363,0.2886108,-7.8581147,-247.73032,125.33956,5.406419,47.61745,-5.457932,-6.153206,-5.919461,9.162496,-17.68642,-3.8669317,-11.150668,-0.7122716,-5.077013,-3.160548,-10.834483,-7.8115463,-10.426593,1.5843984,-10.190094,-0.09513148
WANT_YOU_BADLY_-_EGOR_BUDENNYY40,18843,0.10651183197463768,0.31045175,-0.78119886,-123.854546,88.72232,-4.823119,35.570538,2.7677712,6.5544624,-4.824053,16.44489,-9.73906,13.762795,-6.1773925,2.5530758,-4.06391,1.6431869,-16.023235,4.228376,-14.868102,3.960082,-4.465091,-2.9929645
The_Blues_-_Aurbanni50,9460,0.053412307518115945,0.36963904,0.7031465,-215.71664,118.55504,15.403314,43.172,18.83468,16.533932,-0.6816759,10.292719,-6.191147,6.8510613,-5.4279284,6.259991,-3.2038517,5.615007,-5.539026,1.9045146,-4.23464,4.6564827,-2.0902865,9.069389
Boogie_Jive_-_12_Bar_Pirates60,16557,0.09354761096014493,0.46306846,1.0649226,-154.1801,96.21963,-0.7217116,35.456184,4.1059065,19.81957,-1.7271936,17.233274,0.15756531,9.495498,-7.829707,6.722528,-3.2957814,7.104523,-6.46421,4.28302,-5.4312,3.787701,-7.0789065,3.641863
Balance_-_Marco_Droetto70,20237,0.11417289402173914,0.42544165,4.093001,-69.714005,85.01212,-13.065675,42.244987,-3.3944137,19.18093,-3.4917912,7.647157,-1.0827248,8.177355,-3.9727702,15.55917,-2.9157667,9.399396,-3.0234768,6.0519576,-9.179726,5.0736876,-6.7904177,0.14402303
Blues_Party_-_Stefan_Kartenberg80,14460,0.08168025362318841,0.33412555,-7.181594,-231.48549,102.960594,0.05259573,30.392582,13.069816,21.008669,-3.8699114,-3.2459471,-8.739609,8.565464,-9.203446,0.35479894,-13.290065,-0.19481733,-10.72193,-0.38821775,-16.093721,-5.4466534,-16.995184,-0.36140874
NO_ONE_EVER_WILL_-_Stefan_Kartenberg90,6254,0.035319010416666664,0.4311714,0.2466219,-217.6818,123.441216,17.24235,66.54447,17.304176,13.897033,-2.8661432,11.73253,-3.3791792,8.388458,-4.107483,0.47104388,-8.752538,2.2712996,-9.441256,-0.09279551,-5.162245,-0.017124534,-7.7473774,2.887795
Done_Time_-_Freeky_Cleen_Dickey_F100,19467,0.10985620471014493,0.39894053,3.4227896,-111.49163,76.64681,-2.5952115,26.135307,4.749249,23.471163,5.4788384,13.255366,0.44001266,19.217026,-2.4564233,7.5250187,-6.859851,5.2477107,-1.210471,-1.2800184,-6.3483872,10.537109,-7.16827,15.162441
012-360561-Marco Tezza-Antonio Vivaldi_ Four Seasons - Excerpt 210,21649,0.1222061820652174,0.29844576,-9.101656,-243.55116,105.48694,-15.162703,28.074303,-12.108907,3.5411823,-15.903514,7.306473,-2.1981373,9.598903,-17.11262,-3.180216,-9.337999,3.7563949,-10.993614,2.1713226,-3.3636327,6.833352,-11.450711,-4.438773
013-429072-Pablo Lentini Riva-onclassical_riva_bach_suite_bwv-1008_5-menuet-1-et-220,5476,0.03091598731884058,0.24575426,-15.427745,-357.94104,181.95628,9.575699,23.444956,14.492595,2.168142,-11.309414,-17.6463,-24.223692,-18.629684,-15.278202,-14.135403,-15.202798,-16.156837,-15.524693,-9.138409,-7.9189334,-3.4087577,-4.077401,-9.601013
"011-359653-Roberto Poli-Mazurka in c sharp minor, Op. 63 No. 330",6588,0.0371872169384058,0.21554965,-16.45625,-403.22037,216.36185,4.066692,-5.5082345,12.664351,-5.0339265,-17.713444,-13.526382,-6.991501,-15.573068,-13.713615,-8.105103,-12.767721,-10.669273,-8.589791,-10.250632,-9.661036,-9.965602,-6.962135,-3.9660478
003-1438341-Madi - Composer-R.Schumann The poet Speaks40,5500,0.031063179347826087,0.21589409,-15.419287,-493.56354,172.33942,82.36477,16.874556,-2.7176583,-2.2912025,-4.2517157,-8.297436,-9.144933,-8.094769,-7.261702,-5.818965,-3.7384427,-2.9636724,-4.352935,-6.4929733,-7.729319,-7.4135137,-5.1822543,-0.6494439
002-1451354-Madi - Composer-Albinoni Adagio for orchestra50,17686,0.09989385190217391,0.23057917,-9.93761,-310.8522,136.80008,-36.671543,33.993484,-23.170479,5.741004,-3.7396946,6.543344,13.562667,17.891094,5.621774,-20.49379,-19.219418,1.1740754,-4.937753,2.7439077,-5.936526,3.6106644,3.377686,-4.790573
014-431344-Giampaolo Stuani-OnClassical - Ravel - La Valse60,7222,0.040765115489130435,0.35335565,-13.13182,-398.22,221.41925,-25.665375,9.599972,15.262231,-1.9497366,-4.369563,-7.8380055,-9.2954645,-9.310832,-6.354984,-6.289606,-3.9660163,-3.6776323,-5.527496,-5.927513,-7.029807,-4.4456406,-2.845314,-6.204867
005-193367-Mauro Bertoli-Schumann Toccata op.770,11482,0.0648536571557971,0.31038916,-9.857143,-331.8441,197.18756,-48.255,21.351908,-10.043274,-3.415723,-8.217164,-6.3352585,-6.158997,1.9441053,-2.4109447,-3.177346,3.6735775,1.8012782,1.8949965,-0.7865585,-0.3094825,-1.8688539,-2.435379,0.26177827
"004-178829-ARTSomerville- Isaac Albeniz- Sevilla, Sevillanas _Suite Espanola Op.47_80",7435,0.04198794157608696,0.23439732,-21.232752,-410.5841,167.6519,2.1908855,5.911767,-12.833558,-11.585176,-18.305931,-13.479215,-15.450603,-19.782797,-20.807096,-20.887375,-17.736404,-12.798202,-15.93541,-11.741637,0.43127373,7.252584,2.0633037,-8.229223
009-285485-Alberto Bologni-Quintet Op. 111 - 2. Adagio90,12046,0.06804376132246377,0.23692396,-20.223183,-409.06525,134.31387,-30.57379,33.072365,-8.924332,-8.049103,-20.444443,-10.752267,-14.114909,-2.32949,-12.187577,-3.556272,-4.5623846,-2.4499226,-11.493073,0.8520078,-3.7599957,-0.49094447,-16.267773,-13.680391
"001-1437148-Madi - Composer-J.S.Bach The Well-Tempered Clavier. Prelude 1, I Book100",5464,0.030857959692028987,0.25754824,-12.772385,-488.63492,244.31082,80.099686,-4.0260515,-6.618481,-2.2987642,-9.166084,-11.554918,-11.551613,-11.786128,-6.7855797,-0.6512628,-0.35259527,-3.5676906,-5.509916,-6.3859897,-7.0935516,-6.5753484,-2.4837701,5.1844554
Octana_-_Christian_Petermann10,8676,0.049000792572463765,0.33325857,-1.89557,-216.98628,131.11237,17.221855,41.195236,2.0019078,13.542198,-8.870856,11.530774,-0.35909665,1.2901133,-14.6073265,1.6817436,-9.81569,-1.0418359,-11.777397,1.3120915,-9.382867,6.0518374,2.5900729,5.3997555
Street_cabaret_-_Christian_Petermann20,9231,0.05206634963768116,0.271655,-6.8586874,-237.43031,149.70935,0.35709,27.591911,-4.939896,7.25998,-14.791196,-4.9456587,-10.912005,-8.399878,-11.178258,1.3682282,-10.78933,-2.4899175,-9.063113,-2.5617714,-3.8950193,3.5814857,-5.5257454,-0.11968847
What_Is_Love_-_melanieungar30,20947,0.11825464221014492,0.3222784,-2.4362578,-124.00992,99.24959,-18.605799,17.175922,-11.3908205,7.83415,-7.9980454,-2.0241878,-5.2738276,6.3695245,-10.397433,6.4121885,-9.276053,3.5785968,-4.2593937,3.9680393,-4.58992,6.2046776,-4.670189,2.977742
Medicine_-_Kevin_Milner_and_Piero_Peluche40,11589,0.06545233242753623,0.3687768,1.0193143,-164.1134,117.77368,-5.6970444,25.037964,4.844902,12.043149,1.8185781,16.294804,-1.969643,7.629022,-1.936116,9.795824,4.586647,11.399259,-5.500792,0.9047989,-8.337805,3.2235246,-7.9046664,0.49360162
The_corn_road_-_Bob_Rocket_music_(2)50,9889,0.055785778985507246,0.41095117,-5.922088,-214.56313,148.2859,-11.709116,26.353271,0.9642386,6.5925374,-3.714056,1.4085553,-13.160988,-5.8044076,-9.252329,3.3606715,-4.7585845,1.826081,-13.17612,-2.711696,-12.722196,-1.345911,-12.159687,-2.1548057
Come_Back_Home_-_Anna_Craig (1)60,14961,0.08437216938405798,0.32123944,3.4869688,-139.08337,104.36564,-5.5549374,33.823868,11.366061,22.073793,6.336857,11.733636,0.38178375,9.792528,-7.1809254,11.152938,-11.460725,4.9976153,-8.926912,6.244429,1.0047237,11.877076,-2.6323855,9.427688
Lonesome_Highway_Jig_-_Tony_Petersen70,14408,0.0812698143115942,0.32750493,-6.9856644,-355.1974,97.539604,5.0057797,36.849613,6.7795043,26.302746,16.382113,24.454296,-2.404739,8.367074,-5.940604,1.567791,-6.3675594,7.715922,-0.21262904,4.3920712,-2.8582227,3.2625184,-7.6082535,2.2570758
DJ_Alvin_-_Western_Country_-_Alvin_Production80,15054,0.08489017210144928,0.4573482,1.1636556,-152.86362,110.78672,-1.5403495,20.76917,-1.0455539,23.447622,-2.0063164,14.069415,0.45485336,13.481679,-2.0228107,10.483281,-6.3739767,9.118782,-2.0359607,7.550162,-8.261066,2.0481825,-11.123211,-1.6638942
Ballyhoo_-_Barefoot_McCoy90,11835,0.06686339447463768,0.26394227,-11.605988,-240.123,121.40755,9.407197,11.3252945,-5.5447364,4.2556014,-11.231074,-4.6559305,-22.550392,-0.76470053,-21.321674,-4.7162056,-15.047776,-6.583354,-10.63582,-5.3810906,-19.312456,2.417325,-12.522975,-0.54153144
Matter_Of_Time_-_Adam_Scott_York100,14228,0.08022814764492754,0.33614606,-6.2318435,-235.42311,124.81524,1.2921811,20.294382,-11.435947,9.9609165,-13.182671,7.631988,-7.087775,8.375209,-6.734161,3.4837153,-7.6485105,0.32999638,-8.791754,-0.14396288,-10.97325,3.4856184,-7.0259833,4.141015
045-118887-Emcee Lynx-summertimewav10,27230,0.1536330955615942,0.41252416,-1.3653171,-144.82156,62.588776,0.2047928,39.95916,8.009143,11.057136,-12.842129,7.2361608,-10.1569805,7.5763245,-11.6584215,6.5479937,-2.7785378,1.6093439,-6.9279184,13.487826,-6.5968,4.9684525,-0.5676347,5.7985344
039-1816401-Doctor Frost-Different Me feat. Fega Michaels _Guitar by Cmdt. Guile_20,17584,0.09921308876811594,0.30917388,-2.1101973,-157.25134,94.4456,1.0296216,8.14386,-16.325325,-0.76020145,-6.679563,18.320318,-11.174618,20.287344,3.1864078,3.0461733,-0.9749741,1.5462304,-8.263343,1.4629809,-7.972347,3.3704484,2.370037,9.988745
044-111126-Coehn_Foehrb-Erich kommt rein30,15964,0.09003764719202899,0.5024284,2.1173375,-145.56506,87.11263,11.977381,29.54875,-0.73686296,20.111364,-6.361662,14.686332,-1.3194959,9.835191,-4.0972657,15.178831,-1.8605822,5.5272365,-2.4320436,8.628018,-7.268891,5.464615,-0.8969767,4.815243
036-1781363-Shon Tha Phenom-Early40,9015,0.050931272644927535,0.54507643,6.042285,-140.55943,131.09189,-3.210297,36.19901,22.072271,15.521486,4.2158036,13.775546,-7.4269004,14.562626,2.0090609,4.9274106,4.426173,4.0473366,-0.83685887,4.510939,3.9605234,11.872602,-4.1021457,3.788657
051-190869-Cartel-Pourin Moe by The East Side Hustlas50,14691,0.0830375339673913,0.39409903,4.151109,-128.42424,109.414536,-18.187628,35.353977,-0.16180316,18.606785,4.4951825,17.037035,-2.95227,4.588045,0.3992631,14.255606,1.5984643,3.642008,-3.9431314,9.818587,-0.18815242,12.717688,1.0920851,3.860152
046-128881-P.Yo-Movi _e Chiappe60,19467,0.11002462635869566,0.44005302,-1.6365623,-175.86363,99.563995,-8.371138,14.97645,17.503706,8.879962,-14.044209,6.8820724,-3.5412068,14.54375,-9.278342,9.087465,-1.2207015,2.5346699,-2.63647,9.5330715,-6.2976704,4.9663353,-3.6297624,3.6804073
038-1564155-Wordsmith-On the Come Up70,22984,0.1296294723731884,0.319314,4.592703,-77.06511,77.13689,7.780977,18.405323,6.276833,4.327749,-3.6810045,20.444027,-4.716538,16.924093,-9.81927,4.553154,-4.0313764,7.619992,-3.717129,9.99171,0.15358178,11.04971,-2.710839,12.931291
037-1837563-Ralph Da God-Big Spenders80,28084,0.1583800384963768,0.43073463,4.053795,-106.546875,75.75702,-7.9123707,9.750334,8.697888,19.127895,0.4188261,30.1153,1.857324,16.538004,-3.510791,5.442511,0.6024933,16.10488,0.5615056,9.658945,-5.2281637,8.805401,-4.053938,4.889711
002-1983375-Buck Slenderly-Balance _Produced by Lazuli_90,7491,0.04233610733695652,0.4147799,2.4290745,-219.18718,128.89052,32.43118,36.49573,17.125809,17.714813,7.4831047,9.333325,-1.1776103,9.233579,-3.797621,2.456085,-7.436688,9.830021,-2.8138762,6.6533685,-1.2014691,5.3231015,-2.6629524,3.8882523
001-1984534-Shon Tha Phenom-Alright Anyway Ft. Taelor Gray100,11528,0.06515794836956522,0.47351,0.0820038,-229.04906,115.14636,29.165022,51.262,13.702625,-1.4833965,14.304782,10.965477,-8.539598,14.582479,-15.085932,3.1302094,2.249688,-2.7961762,-1.0101972,4.5985193,-4.27063,5.612851,-0.66997993,-0.17497279
Frank_Rawel_-_To_The_Warmth10,12624,0.07130321557971014,0.278352,-1.8856745,-187.55508,122.43251,10.241478,20.982147,0.21475254,21.64213,-3.252185,5.319594,-11.032563,-3.4313917,-10.671347,4.948828,-5.376393,6.2400723,-9.5871,-1.1459849,-8.363281,9.388956,-1.3232684,2.6146407
Midnight_lady_-_Christian_Petermann20,5557,0.03138586956521739,0.34030652,-0.310596,-299.29312,196.04993,16.319078,46.96996,-1.3896616,16.809944,-2.6014645,1.4759811,3.0839834,3.843937,1.3254029,2.9560394,0.81872946,5.9522085,5.1904693,1.3617368,-2.795562,1.829026,-3.0019438,-1.116589
Tamanchini_-_Christian_Petermann30,6091,0.034414628623188406,0.26418358,-4.6322603,-330.751,187.10963,30.836502,21.768372,3.4464638,4.833571,-7.2670975,4.068438,-5.32214,-4.235337,-8.319202,0.88477165,-1.7833245,7.3898044,3.978457,3.216012,-2.0938952,2.9695637,-0.91674507,-2.4580436
Dirty_old_man_(feat._Dia_Yiannopoulou)_-_zero-project40,8701,0.04918478260869565,0.36929998,0.73570913,-242.86774,147.95027,11.137676,42.106365,-6.112313,13.218282,14.39802,1.9546723,2.2462852,5.369811,-7.545061,6.0182166,4.0896115,8.477438,2.3655405,9.810986,-1.6736704,2.4643931,-3.3830519,4.6884475
Run_Fast_-_JO.BITE_(2)50,8810,0.049712692481884056,0.23687541,-2.7201653,-235.19322,124.084496,24.150572,22.991386,0.95425093,7.606473,-3.1963785,9.6613245,-8.524926,10.9013,-6.414423,0.52897036,-6.2290425,5.674691,-0.68710005,10.564993,-10.195736,1.2664701,-2.9006946,0.55329126
A_Cup_Of_Warm_Tea_-_JO.BITE_(2)60,12809,0.07235762001811594,0.38786414,-3.4167109,-215.38498,127.83713,-22.457214,46.554302,11.458714,9.929963,-12.149535,9.63099,-11.053267,9.023612,1.4707088,4.573682,-4.2924085,0.86070013,-13.8378525,0.57399344,-7.4806333,-2.060774,-5.8945456,4.363198
Dreams_About_You_-_Volodymyr_Gavrylyuk70,7348,0.04148833786231884,0.31826052,-2.4164197,-270.1151,130.82536,24.761536,40.066097,5.8867507,13.303556,-5.0987167,5.1136103,-3.268481,4.638177,-4.5734415,5.529686,0.17139737,5.3912926,-3.1499865,0.9937575,-8.334446,4.806629,-3.5305135,8.254452
Twisted_City_-_Roy_Smiles_(3)80,11850,0.06660014719202899,0.37624928,-1.5283813,-169.20627,120.63364,6.3495803,27.600233,0.37429652,9.033427,0.36669236,7.5608974,-13.401901,6.6883535,-7.4627004,1.8147465,-10.393697,1.1628705,-7.4414625,6.5926447,-10.963577,4.938168,-4.9312587,0.11769278
Not_the_One_to_Say_(I_Told_You_So)_(24-bit_Master)_-_Cole_Powell90,11548,0.06520323822463768,0.39084062,2.0708513,-148.09625,120.673996,7.273804,22.8389,7.989206,12.72736,-5.7801776,10.278178,1.8439007,10.865107,-10.495376,6.799068,-6.8595934,4.0452194,-3.207983,1.0181394,-5.6893435,9.681187,-4.039249,9.550936
Interlude_-_Arto_Kumanto_(2)100,7106,0.040153702445652174,0.29321468,-9.71022,-389.71588,223.15082,26.388214,9.578685,-0.36416167,-0.54476726,-3.3109646,-6.8064456,-10.941408,-6.87455,3.1401274,-2.2302556,-6.733004,-3.9246879,-6.0852566,-5.911118,-0.3926663,2.6757975,-5.6409287,-9.661951
029-1618434-Insidious One-Little sister10,22685,0.12816179800724636,0.5985725,5.5656343,-20.485077,86.53834,-32.030704,21.390755,-7.6737523,20.577324,3.0311122,17.600132,4.236518,13.326468,-4.848371,10.221654,-3.834394,7.3828206,-8.67042,6.390283,-7.952842,7.3218822,-6.939589,5.730545
019-1512411-Greyskull Chapel-A Blazing Rage20,15920,0.08991451539855072,0.4266188,2.408902,-94.86054,101.11404,-6.1381426,37.075447,2.0905552,10.480458,-9.7971325,13.542265,-3.657906,8.920356,-3.7865171,10.238979,-5.8262157,9.007387,-4.840589,4.4281964,-14.554918,0.10755481,-6.710434,1.3452007
040-1757716-When Arabel Meets Garbo-To The War ___30,20769,0.11720023777173913,0.5186208,5.157921,-59.05494,88.98681,-21.908693,44.203667,-0.6026997,16.375578,1.5059612,16.964182,-0.21370605,13.006064,-3.8338764,8.08215,-6.913344,3.9970763,-7.0546784,5.9038167,-5.8971157,5.931373,-3.0489075,6.729699
030-1187644-Fallen to Flux-Living With The Pain40,20295,0.11463003849637682,0.43285063,3.252336,-87.541374,76.51383,-3.763837,50.03856,11.370592,15.312952,-0.4502068,16.163237,-2.9577677,3.819411,-11.602045,11.677048,-4.5611205,5.5611806,-8.770615,6.433765,-7.381485,0.37973672,-7.4333363,2.2381952
041-1826133-Chainerdog-01 nervous movement deined50,26138,0.14757416213768115,0.4622112,2.3942432,-37.05762,86.48989,-19.364262,44.827755,-15.05451,8.105686,-7.556738,10.409918,-2.4160035,2.5674524,-7.912195,3.213936,-8.996407,9.08125,-11.055118,7.99351,-11.254686,1.8813354,-6.8860893,0.8677601
018-1657875-VintergatA-______ ___60,21277,0.12017521512681159,0.49266523,6.4882374,-33.829315,77.10181,-15.988213,27.478453,-3.410082,23.914068,-0.6205404,14.281874,2.071284,20.483833,-1.0108383,12.875188,-5.04446,7.998986,-6.706949,12.030541,-7.3736806,3.9101672,-6.3937597,7.996387
035-1523542-Lindar Olostur-Mistfolk - ________ __________70,28615,0.16162250905797101,0.56683147,5.8755875,-59.08216,51.85688,-12.924691,46.11547,7.2451177,19.61179,6.151835,20.099112,1.5581461,16.144323,-4.074678,15.588001,-1.5804981,7.5930066,-7.918678,4.7043624,-5.9461803,7.546764,-4.268134,9.091965
031-1314695-Swim to Drown-Class Trial80,26722,0.15091995018115942,0.5608559,4.7299767,-34.8109,68.517006,-11.657944,31.633287,2.4411597,16.521673,-3.4662323,11.583795,-11.1748705,6.481888,-5.0870843,10.655455,-3.5272574,11.211191,-6.6775303,6.634623,-6.493408,8.5598,-4.2188067,7.4736867
034-1435179-Before Humans _Official_-Fall Down90,17136,0.09680706521739131,0.5187811,4.2726126,-85.33054,75.12277,2.6938262,37.51534,17.196938,19.539322,-0.55992705,7.38337,-4.1581616,13.567163,-4.099152,10.3965435,-4.5324483,7.8613396,-5.682403,12.24129,-8.511411,3.382963,-8.390685,-0.18388394
020-69638-Danforth-Regrets100,18111,0.10212862318840579,0.5095182,2.4135485,-93.20757,91.009476,-27.768103,38.1259,0.3776931,25.93631,-2.972484,17.942938,7.7686367,5.3692713,-8.098522,11.537857,-6.5074244,-4.42842,-10.386275,8.017116,-3.705786,1.8612708,-3.9559402,1.3550302
This_Is_Not_Right_For_Me_-_bessonnitsa10,19746,0.1115234375,0.47378877,0.6719999,-105.63812,89.45242,-6.3595843,13.901593,1.4837223,13.157124,-6.3899174,11.006039,-7.0219307,8.112772,-4.1409063,9.935401,-6.635302,5.1061883,-5.7897043,4.4184566,-6.653413,6.037176,-5.532046,4.9900293
Pain(t)_On_Me_-_Smoking_With_Poets20,23979,0.13561197916666667,0.2866747,-0.31715572,-133.82883,75.3545,4.931603,45.876446,-3.8718114,6.6374764,-4.4723964,17.01342,-2.038828,14.343941,8.751441,1.1044562,-16.491117,-1.9221157,-18.34853,-8.669124,-8.000121,7.724045,-0.23585564,9.798284
RED_LIGHT_-_EGOR_BUDENNYY30,15321,0.08631538722826088,0.41785878,1.5187473,-130.44849,93.928635,5.6671524,33.974976,10.168223,11.499071,-3.9557123,12.423166,-6.491459,10.582313,-3.4972413,7.7218666,-5.307695,3.257618,-6.950025,3.7041607,-7.371679,6.5596538,-6.936025,1.8464352
Gone_-_Michael_McEachern40,16779,0.09459918478260869,0.49076632,2.1789956,-136.79088,98.915665,37.404762,17.809216,3.8146791,13.574009,2.3060663,10.259914,-5.5662246,11.695926,-8.450583,9.488179,-6.1576567,8.622637,-6.990915,3.1513643,-8.514875,6.258871,-10.2067375,2.9564934
Remedy_-_bessonnitsa50,8816,0.0497947803442029,0.39946586,2.6250055,-164.19658,118.24506,17.0074,36.80285,12.921192,22.762436,3.7841055,13.706428,-0.3468813,3.3900096,-13.028641,3.7832944,-6.3846574,4.3917103,-2.209261,6.2858553,-4.0267305,5.2067432,-8.550616,2.9563909
Kibeatzer_&amp;_Nick_Ray_-_Tread_Lightly_-_Nick_Ray60,14211,0.08019984148550724,0.43210992,4.2789283,-100.47434,91.53251,0.71262836,14.975212,1.041581,18.754072,-3.6330876,12.004778,-5.414526,10.363744,-4.8567,10.230293,-1.1114542,13.775566,3.6476688,12.954599,-4.4665303,9.768273,-3.6511006,9.425379
erase_me_(feat._Ronnetta_Spencer_&amp;_Vizionvry)_-_Rxbyn70,20428,0.11543534873188406,0.53542686,4.624791,-107.490974,76.428535,-10.006991,51.219532,-4.114134,10.658173,1.8309648,16.375515,-1.5542494,21.296013,-1.3516103,14.296273,-4.2595143,6.1470647,-0.9586596,5.9093933,1.1248105,12.404919,-6.8555846,11.396345
Better_-_Square_a_Saw80,18248,0.1030867866847826,0.40637368,0.3884556,-111.75545,83.23036,5.4518127,19.06336,1.2283307,11.575356,-1.9985775,5.286651,-3.2826016,11.061828,-11.365941,6.686241,-7.04403,5.1363263,-10.757282,1.6107066,-9.159502,3.6140695,-1.2811852,10.468636
Julius_Marx_-_Vices_-_Julius_Marx90,13469,0.07605298913043479,0.364932,1.3584937,-146.79948,130.5824,-32.71316,42.0425,14.19628,12.435041,-5.6804585,0.76048255,-0.94045454,10.659944,-3.3415477,-1.6284091,-6.6894555,4.1949525,-4.341934,9.51492,1.9689811,1.8814948,-4.2651067,5.3328934
Baila_-_Alfonso_Lugo100,16086,0.09082597373188406,0.39229956,-0.37831566,-145.22229,78.85581,-4.778442,5.3330607,-13.591868,19.32866,0.59509397,16.123133,2.3245935,10.477114,-2.5222883,9.69209,-0.86752146,12.461724,0.139967,8.148893,-2.333906,4.03395,-8.560008,2.7959206
001-1046599-Los Brodies-Contigo10,11886,0.06711107336956522,0.36369133,0.21033983,-175.8368,129.13646,2.106303,25.18955,3.588327,21.873705,5.4253473,11.312565,-1.4137456,4.7267118,-11.732333,0.15233484,-12.517043,-1.1357405,-5.6504436,7.8180556,-0.35560536,6.2123437,-4.830783,0.13759533
002-120557-Leido-Whisper20,18247,0.10274994338768116,0.37477425,-5.781243,-255.19565,91.06542,-20.081104,33.94509,8.890726,17.207237,-0.4631315,-0.09914548,0.017666744,1.3559633,-0.8558278,1.7704908,-5.071617,1.6198324,-1.0798727,9.999752,-7.1441593,6.8550577,-0.36675933,2.0051715
006-168656-Kahina-ILZ30,9581,0.05408882472826087,0.3729361,2.4007308,-200.01915,108.53429,20.742245,37.87171,19.39426,18.783497,-4.9388695,20.317223,-1.7602823,4.646827,-6.364543,13.530399,-2.642531,5.122478,1.5324656,6.546316,-4.8147697,12.436703,-4.3333616,3.4297132
010-150207-Drunksouls-No more fighting40,12643,0.07137964221014492,0.30009475,-1.6823367,-196.22067,125.341835,5.3093677,23.592932,-1.6818373,16.003761,7.5795913,8.44045,-11.851705,-4.6652308,-18.082655,12.655627,3.791458,1.8805528,-3.9254405,7.595732,-2.2572389,-1.8097056,-5.6304584,0.28690347
009-112990-Natty I-Dubliftment50,8164,0.04607676630434782,0.33459568,1.1048659,-236.4734,114.654915,27.274345,39.259533,20.350788,20.669746,-1.6269113,12.988177,-0.6166105,10.348713,5.0978613,7.3449183,1.3584826,5.248907,-4.411397,3.4826462,-3.0097022,2.1211512,-3.7228968,1.758056
004-231013-Loudog-Music60,13188,0.0745315330615942,0.33231318,0.49032933,-139.37317,111.33084,6.023253,17.3664,15.834943,22.22026,-12.00863,5.565811,-6.190036,12.48357,-7.798513,3.3501966,-4.8049717,5.2391844,-5.821599,-1.0077295,-10.184649,1.3195001,-8.480736,4.74266
005-386870-Tribu di Yahweh-alleanza70,13927,0.07867697010869565,0.34339014,-3.4786875,-221.43137,110.90048,14.33648,21.54134,5.619144,18.965935,-3.9909775,6.5843606,-15.667243,2.9762561,1.1195486,-3.4379513,-2.0406086,5.9336753,-15.889829,4.9999614,-2.267516,0.2806072,-1.2746068,3.1685596
008-187465-San_jyla-gaya80,14515,0.08190811820652173,0.4199254,-0.8745111,-142.6718,106.43141,-3.533586,27.733345,-6.1864276,10.253782,-1.3277311,11.161641,-2.098881,1.6592642,-6.9764066,8.6193495,-7.199631,8.072958,-4.847833,-0.90928745,-10.237265,2.272063,-11.754099,4.0489097
003-207774-FAMILIA REGGAE-Lion in the Jungle90,11116,0.06284533514492753,0.41001275,1.3819085,-166.55702,111.91413,3.9530907,29.939281,-2.88437,2.9847472,1.8537474,14.548391,4.399953,13.108788,0.7531076,7.622262,-1.2557335,5.7173476,-6.349183,9.736998,-4.9823384,5.1916037,-5.32797,3.2713397
007-1014954-Sundayers-Que Paso100,15418,0.08709380661231884,0.39111474,-0.70697486,-144.91331,94.38266,-6.697353,29.942228,5.872148,15.33489,-7.6314397,10.893627,-5.5957665,6.8030295,-5.470408,7.2586975,-8.208148,3.2282898,-7.6058893,4.3461876,-3.8541956,3.2894275,-6.3126435,0.7984756
008-1879171-Radio Nowhere-Molotov Heart10,24763,0.1396880661231884,0.44001475,1.6374048,-84.455505,80.49289,-26.25811,28.54901,-7.558375,16.854277,-0.16414739,14.528056,-0.82061833,14.73202,-2.3230906,12.24901,-6.3786917,3.8570178,-9.389093,6.5617156,-8.005539,3.4547365,-2.1133125,-1.0641525
007-1883233-The Silhouet-Get Around20,20283,0.11454512001811594,0.39800322,1.2691714,-96.522644,98.55297,-19.99965,18.906322,-3.9982405,11.141185,-7.5387373,15.140511,-4.544882,11.07125,-4.7830276,6.4553723,-5.3311024,4.2140975,-4.773378,8.717061,-7.812568,6.613852,-4.2618556,4.136891
016-1868188-SEKS-Hangin On30,17765,0.10022927989130435,0.34334645,0.971259,-131.86734,89.09745,-2.702653,29.579111,3.9115489,23.950882,-0.99216557,8.880956,-6.0566797,8.9543085,0.3791254,11.778922,-6.7897243,7.789029,-5.5792017,11.301751,-13.644755,-3.2525578,-10.231073,4.918247
015-1847858-Mahidevran Rock Band-Mahidevran - Holy sun40,21488,0.12143059329710144,0.2819349,-10.093453,-118.39628,87.34071,-41.32317,12.129941,-16.064022,-5.158755,-15.479531,-0.9387248,-19.43098,9.747843,-23.847488,-1.8885361,-22.649343,-6.2655563,-14.152716,-1.4508286,-14.879809,-5.447827,-13.76249,10.048482
003-1980875-Mitch for Mayor-Unfreeable50,25526,0.14413920969202898,0.527034,0.65147525,-116.13884,69.49597,-5.627457,39.325336,-5.3333306,16.611712,-2.6262236,13.88585,-1.9352818,7.7896166,-6.486511,13.287307,-8.238162,7.4475965,-5.349332,5.959257,-10.786412,6.711141,-8.824258,3.8615248
006-1895179-Back On Earth-Runaway60,23856,0.13478968523550725,0.39751038,3.4486806,-78.04326,68.51076,-4.8997145,32.420197,-2.381782,10.332224,2.0319695,12.794368,-1.1974252,14.976571,1.5532255,17.814314,-2.2542229,6.8675485,-12.02155,7.9940405,-9.7378645,2.9446604,-4.8147507,6.084305
005-1732099-Rude-Cold Inside70,25670,0.1450110394021739,0.52087665,2.3158126,-99.91338,63.012264,-15.855977,30.29265,0.67874354,14.108176,-1.7510463,13.146095,-1.7715446,14.537764,-1.5754265,13.539387,-2.4184077,10.032895,-1.888174,9.309291,-5.0340257,8.262814,-6.1123023,5.7164583
002-1994389-Mads Kymre-Tonight80,22688,0.12813207653985506,0.34872368,3.1899154,-78.62529,76.98159,5.9427233,23.759844,-7.5972323,16.937109,2.9640882,16.269737,-3.8082237,10.888341,-7.9290285,9.626264,-9.36341,4.2696724,-7.4771323,7.764007,-7.9759,8.620228,-7.175206,9.72613
001-1978409-The Spin Wires-Into The Night90,28884,0.16301941802536232,0.41008484,-0.7885361,-87.97793,56.257523,1.9279674,28.328625,-1.8341182,8.629632,-11.7938795,6.126742,-3.543733,11.815479,-5.764648,6.2704983,-14.880116,-3.1672184,-10.830996,4.532728,-10.316242,8.919568,-1.4660708,2.9954662
004-1912594-Michael Ellis-Rocket Man100,23753,0.1340707087862319,0.5231274,3.8982332,-88.30905,75.37892,-5.6529856,34.60661,5.946516,20.506506,0.23168693,14.521498,-6.6898274,9.062779,-3.4466667,11.981114,-2.3580601,10.008312,-5.457543,6.1993837,-6.145572,9.707163,-6.1930513,4.0669303
001-908245-Frank Guerrero y su grupo Ache-Vamos A Tocar Sonero10,17248,0.09751754981884057,0.33414513,-3.8076138,-175.57259,91.81575,-5.4607406,34.61841,-1.207284,11.722706,-3.2491956,6.125031,-7.2391543,3.7949252,-7.0286093,0.29867107,-9.824723,0.5130743,-10.588112,3.0423596,-7.3979745,3.8781023,-7.96414,3.571213
004-1495218-DURO MAMBO-MI SALSA TIENE MELAO20,17868,0.10097231657608696,0.34643656,-1.863514,-133.37933,80.952065,-3.8304791,31.08589,-4.1550426,14.411018,-9.826569,7.9984884,-9.199696,6.4989233,-8.259642,3.2068741,-6.7295113,6.7405977,-7.1599326,5.694287,-9.262568,3.4116967,-8.890794,3.4234493
013-1217420-Victor Jadiel-Por si no te vuelvo a ver30,16685,0.09432886096014492,0.32917383,-1.6042495,-153.4013,92.25966,3.763415,27.279375,2.1932418,19.440443,-3.3831646,8.884432,-9.128052,4.608048,-10.711545,4.2913465,-8.240621,3.9882226,-9.333399,1.4943844,-7.3322954,6.2632427,-3.4905524,-1.5298656
010-312917-Jan y Su Son Latino-Nunca Cambies40,22251,0.12555197010869565,0.3533521,-3.100614,-153.27101,82.5301,8.226974,29.015862,-2.8078477,6.8861938,-4.910169,4.4442058,-9.222122,13.523507,-8.745325,7.73954,-14.943516,3.1900873,-16.105476,1.515848,-7.9812655,9.202869,-8.902377,-1.398356
003-1396086-Danna Ruiz-Alentando ilusiones50,22390,0.12651013360507246,0.3492673,-1.6692811,-105.214325,78.80933,-10.555349,13.924496,-8.430088,10.403216,-15.762643,1.3219864,-15.258135,5.4929967,-8.985074,4.855177,-5.128565,7.846575,-3.7478843,8.137389,-3.3660328,9.315388,-4.12736,7.0832763
002-357192-EL GRAN PROYECTO-LATINO SOY60,21862,0.12342193161231885,0.38125995,-0.24651965,-145.62245,71.921036,3.0395145,31.838379,2.4933734,14.226076,-4.5560904,9.334472,-6.882946,7.0054708,-2.7057111,9.277497,-3.285754,14.769266,-4.601703,6.0032516,-7.7584133,5.188677,-9.6372175,5.022881
005-496720-Fito Vasquez-Quedate Conmigo70,17701,0.09997593976449276,0.34887603,-5.08015,-194.65866,84.50898,-4.2705793,21.32452,5.345982,7.297036,-8.167541,17.301239,-12.831363,7.3795466,-4.369689,3.8237252,-5.5912366,8.016712,-11.515177,1.5517429,-7.6529717,-1.4306321,-6.944162,-0.72047776
011-788228-Julio la Salsa y Sabor del Caraibi-Si Tu Superas80,13630,0.07685829936594203,0.28002712,-2.2510679,-156.90535,129.40617,12.000057,17.048252,-17.749273,3.7300153,-6.16981,4.3546143,-16.95406,3.49674,-10.987122,4.245481,-3.6202028,3.3413894,-7.19441,8.003927,-6.6739635,0.47690248,-8.308954,3.4382339
009-508566-LOS DECANOS-no soy facil90,15341,0.08658429574275363,0.27562416,0.14352767,-126.752426,102.73145,2.6017156,26.379124,-1.5696242,4.918822,-6.904535,9.168808,-10.884538,7.7089663,-5.8044086,4.5831156,-3.6663415,6.7200375,-3.4054747,12.289689,-4.1063848,6.442082,-13.163578,-4.4159484
012-1299403-TIQUIPLAS-Claro que no100,9273,0.05227439990942029,0.4017411,1.0743037,-173.03088,139.33032,17.129745,30.90323,7.6106405,12.091922,-0.85106915,7.443784,-8.344579,-1.7394693,-10.310653,13.050842,-7.538824,7.48577,-11.324936,6.286589,-7.0764,3.5793958,-7.7434883,4.534134
